Workbook

Sheet Hoja1
A1: N° Orden | B1: Elemento | C1: N° de Barra | D1: Longitud total (m) | E1: Cantidad | F1: Grupo de Ejecución | G1: Masa total (kg)
A2: 1 | B2: Muro de Contención | C2: #3 | D2: 12 | E2: 192 | F2: 2 | G2: =(VLOOKUP(C2,TablaBarras!$A$2:$C$13,3,FALSE))*D2*E2 -> 1290.24
A3: 2 | B3: Muro de Contención | C3: #3 | D3: 9 | E3: 32 | F3: 1 | G3: =(VLOOKUP(C3,TablaBarras!$A$2:$C$13,3,FALSE))*D3*E3 -> 161.28
A4: 3 | B4: Muro M3 | C4: #3 | D4: 6.52 | E4: 400 | F4: 2 | G4: =(VLOOKUP(C4,TablaBarras!$A$2:$C$13,3,FALSE))*D4*E4 -> 1460.48
A5: 4 | B5: Muro de Contención | C5: #3 | D5: 6 | E5: 64 | F5: 1 | G5: =(VLOOKUP(C5,TablaBarras!$A$2:$C$13,3,FALSE))*D5*E5 -> 215.04
A6: 5 | B6: Muro M21, M2 | C6: #3 | D6: 5.92 | E6: 800 | F6: 2 | G6: =(VLOOKUP(C6,TablaBarras!$A$2:$C$13,3,FALSE))*D6*E6 -> 2652.16
A7: 6 | B7: Muro M4 | C7: #3 | D7: 5.77 | E7: 400 | F7: 2 | G7: =(VLOOKUP(C7,TablaBarras!$A$2:$C$13,3,FALSE))*D7*E7 -> 1292.48
A8: 7 | B8: Muro M2 | C8: #3 | D8: 4.52 | E8: 400 | F8: 2 | G8: =(VLOOKUP(C8,TablaBarras!$A$2:$C$13,3,FALSE))*D8*E8 -> 1012.48
A9: 8 | B9: Muro M5 | C9: #3 | D9: 2.53 | E9: 400 | F9: 2 | G9: =(VLOOKUP(C9,TablaBarras!$A$2:$C$13,3,FALSE))*D9*E9 -> 566.72
A10: 9 | B10: Columna C-1,C-2,C-7 | C10: #3 | D10: 2.48 | E10: 4978 | F10: 4 | G10: =(VLOOKUP(C10,TablaBarras!$A$2:$C$13,3,FALSE))*D10*E10 -> 6913.4464
A11: 10 | B11: Columna C-3,C-4 | C11: #3 | D11: 2.004 | E11: 1702 | F11: 3 | G11: =(VLOOKUP(C11,TablaBarras!$A$2:$C$13,3,FALSE))*D11*E11 -> 1910.0525
A12: 11 | B12: Vigas | C12: #3 | D12: 1.7 | E12: 1987 | F12: 3 | G12: =(VLOOKUP(C12,TablaBarras!$A$2:$C$13,3,FALSE))*D12*E12 -> 1891.624
A13: 12 | B13: Diferentes elementos | C13: #3 | D13: 1.28 | E13: 16643 | F13: 5 | G13: =(VLOOKUP(C13,TablaBarras!$A$2:$C$13,3,FALSE))*D13*E13 -> 11929.702
... A138: 137 | B138: VG-14 | C138: #7 | D138: 3.5 | E138: 8 | F138: 13 | G138: =(VLOOKUP(C138,TablaBarras!$A$2:$C$13,3,FALSE))*D138*E138 -> 85.176

Sheet TablaBarras
A1: N° Barra | B1: Diámetro nominal (m) | C1: Masa por metro lineal (kg/m)
A2: #2 | B2: =6.4/1000 -> 0.0064 | C2: 0.25
A3: #3 | B3: =9.5/1000 -> 0.0095 | C3: 0.56
A4: #4 | B4: =12.7/1000 -> 0.0127 | C4: 0.994
A5: #5 | B5: =15.9/1000 -> 0.0159 | C5: 1.552
A6: #6 | B6: =19.1/1000 -> 0.0191 | C6: 2.235
A7: #7 | B7: =22.2/1000 -> 0.0222 | C7: 3.042
A8: #8 | B8: =25.4/1000 -> 0.0254 | C8: 3.973
A9: #9 | B9: =28.7/1000 -> 0.0287 | C9: 5.06
A10: #10 | B10: =32.3/1000 -> 0.0323 | C10: 6.404
A11: #11 | B11: =35.8/1000 -> 0.0358 | C11: 7.907
A12: #14 | B12: =43/1000 -> 0.043 | C12: 11.38
A13: #18 | B13: =57.3/1000 -> 0.0573 | C13: 20.24
